date_or_term,speech_title,url
1 July 2025,Strategy assessment: lessons learned,https://www.ecb.europa.eu/press/key/date/2025/html/ecb.sp250630_1~ba0ef03e6f.en.html
30 June 2025,Opening remarks on the ECB strategy assessment press conference (with Q&A),https://www.ecb.europa.eu/press/key/date/2025/html/ecb.sp250630~4a4409f0da.en.html
27 June 2025,Culture and the economy,https://www.ecb.europa.eu/press/key/date/2025/html/ecb.sp250626_1~56923f1fbb.en.html
23 June 2025,Hearing of the Committee on Economic and Monetary Affairs of the European Parliament,https://www.ecb.europa.eu/press/key/date/2025/html/ecb.sp250623~fd501a6cab.en.html
19 June 2025,Strengthening economies in a stormy and fragmenting world,https://www.ecb.europa.eu/press/key/date/2025/html/ecb.sp250619~1cd73165da.en.html
11 June 2025,Drawing a common map: sustaining global cooperation in a fragmenting world,https://www.ecb.europa.eu/press/key/date/2025/html/ecb.sp250611~8936f0665d.en.html
7 June 2025,Stemming the tide: safeguarding our ocean and economy,https://www.ecb.europa.eu/press/key/date/2025/html/ecb.sp250607~e6ed4778bc.en.html
26 May 2025,Earning influence: lessons from the history of international currencies,https://www.ecb.europa.eu/press/key/date/2025/html/ecb.sp250526~d8d4541ce5.en.html
25 April 2025,IMFC Statement,https://www.ecb.europa.eu/press/key/date/2025/html/ecb.sp250425~2ddde574aa.en.html
3 April 2025,A “European moment” in an inverted world,https://www.ecb.europa.eu/press/key/date/2025/html/ecb.sp250402_1~14d2d4d23a.en.html
1 April 2025,The transformative power of AI,https://www.ecb.europa.eu/press/key/date/2025/html/ecb.sp250401_1~d6c9d8df11.en.html
20 March 2025,Hearing of the Committee on Economic and Monetary Affairs of the European Parliament,https://www.ecb.europa.eu/press/key/date/2025/html/ecb.sp250320~6c2889bbd3.en.html
12 March 2025,A robust strategy for a new era,https://www.ecb.europa.eu/press/key/date/2025/html/ecb.sp250312~915537d675.en.html
10 February 2025,European Parliament plenary debate on the ECB Annual Report,https://www.ecb.europa.eu/press/key/date/2025/html/ecb.sp250210~77679a7d66.en.html
27 January 2025,Central bank independence in an era of volatility,https://www.ecb.europa.eu/press/key/date/2025/html/ecb.sp250127~16c35af0c0.en.html
16 December 2024,Monetary policy in the euro area,https://www.ecb.europa.eu/press/key/date/2024/html/ecb.sp241216~7caa8c7202.en.html
4 December 2024,Hearing of the Committee on Economic and Monetary Affairs of the European Parliament,https://www.ecb.europa.eu/press/key/date/2024/html/ecb.sp241204_1~1a69c1e83e.en.html
22 November 2024,Follow the money: channelling savings into investment and innovation in Europe,https://www.ecb.europa.eu/press/key/date/2024/html/ecb.sp241122~fb84170883.en.html
19 November 2024,The economic and human challenges of a transforming era,https://www.ecb.europa.eu/press/key/date/2024/html/ecb.sp241118_2~33a5a516a2.en.html
6 November 2024,Welcome address at the tenth anniversary of the Single Supervisory Mechanism,https://www.ecb.europa.eu/press/key/date/2024/html/ecb.sp241106~e19b4cd24f.en.html
5 November 2024,Competition policy in a changing world,https://www.ecb.europa.eu/press/key/date/2024/html/ecb.sp241105~c488bdbb64.en.html
25 October 2024,IMFC Statement,https://www.ecb.europa.eu/press/key/date/2024/html/ecb.sp241025~edea121304.en.html
17 October 2024,Lessons from Ljubljana in uncertain times,https://www.ecb.europa.eu/press/key/date/2024/html/ecb.sp241016~33fd097e21.en.html
30 September 2024,Hearing of the Committee on Economic and Monetary Affairs of the European Parliament,https://www.ecb.europa.eu/press/key/date/2024/html/ecb.sp240930~c4da646c0d.en.html
26 September 2024,Technology as a new frontier for macroprudential policy,https://www.ecb.europa.eu/press/key/date/2024/html/ecb.sp240926~60b239f99b.en.html
20 September 2024,Setbacks and strides forward: structural shifts and monetary policy in the twenties,https://www.ecb.europa.eu/press/key/date/2024/html/ecb.sp240920~7edac96692.en.html
2 July 2024,"Monetary policy in an unusual cycle: the risks, the path and the costs",https://www.ecb.europa.eu/press/key/date/2024/html/ecb.sp240701~ba1ae1bd25.en.html
14 June 2024,Policymaking in a new risk environment,https://www.ecb.europa.eu/press/key/date/2024/html/ecb.sp240614~baa283d69a.en.html
7 June 2024,Central banks in a changing world: the role of the ECB in the face of climate and environmental risks,https://www.ecb.europa.eu/press/key/date/2024/html/ecb.sp240607_1~faecc95713.en.html
22 April 2024,Unlocking the power of ideas,https://www.ecb.europa.eu/press/key/date/2024/html/ecb.sp240422~0f3299e7bb.en.html
19 April 2024,IMFC Statement,https://www.ecb.europa.eu/press/key/date/2024/html/ecb.sp240419~fab7dbda3e.en.html
20 March 2024,Building confidence in the path ahead,https://www.ecb.europa.eu/press/key/date/2024/html/ecb.sp240320~28c9a70818.en.html
26 February 2024,European Parliament plenary debate on the ECB Annual Report,https://www.ecb.europa.eu/press/key/date/2024/html/ecb.sp240226~5a6908b66e.en.html
15 February 2024,Hearing of the Committee on Economic and Monetary Affairs of the European Parliament,https://www.ecb.europa.eu/press/key/date/2024/html/ecb.sp24215~335ae8e307.en.html
4 December 2023,Governance at a turning point,https://www.ecb.europa.eu/press/key/date/2023/html/ecb.sp231204~a2027eb718.en.html
30 November 2023,Welcome address at the fifth ECB Forum on Banking Supervision,https://www.ecb.europa.eu/press/key/date/2023/html/ecb.sp231130~48f5947179.en.html
27 November 2023,Hearing of the Committee on Economic and Monetary Affairs of the European Parliament,https://www.ecb.europa.eu/press/key/date/2023/html/ecb.sp231127~a4af2f4e28.en.html
21 November 2023,Monetary policy in the euro area: attentive and focused,https://www.ecb.europa.eu/press/key/date/2023/html/ecb.sp231121~5438d564cb.en.html
17 November 2023,A Kantian shift for the capital markets union,https://www.ecb.europa.eu/press/key/date/2023/html/ecb.sp231117~88389f194b.en.html
16 November 2023,The ESRB’s first general warning one year on,https://www.ecb.europa.eu/press/key/date/2023/html/ecb.sp231116~1bdd773fdc.en.html
25 October 2023,Remarks delivered at the Bank of Greece on the occasion of the external Governing Council monetary policy meeting in Athens,https://www.ecb.europa.eu/press/key/date/2023/html/ecb.sp231025~edcc5ca1db.en.html
14 October 2023,IMFC Statement,https://www.ecb.europa.eu/press/key/date/2023/html/ecb.sp231014~60c5eb8328.en.html
4 October 2023,Welcome address,https://www.ecb.europa.eu/press/key/date/2023/html/ecb.sp231004~61531ca833.en.html
29 September 2023,Towards an orderly energy transition,https://www.ecb.europa.eu/press/key/date/2023/html/ecb.sp230929~9cd14eddfc.en.html
25 September 2023,Hearing of the Committee on Economic and Monetary Affairs of the European Parliament,https://www.ecb.europa.eu/press/key/date/2023/html/ecb.sp230925~036083efca.en.html
21 September 2023,A Mediterranean Odyssey: from ancient origins to future strength,https://www.ecb.europa.eu/press/key/date/2023/html/ecb.sp230921~9ae279d5ef.en.html
4 September 2023,Communication and monetary policy,https://www.ecb.europa.eu/press/key/date/2023/html/ecb.sp230904_2~f2d3ee13d9.en.html
26 August 2023,Policymaking in an age of shifts and breaks,https://www.ecb.europa.eu/press/key/date/2023/html/ecb.sp230825~77711105fe.en.html
17 July 2023,Strengthening resilience in a changing geopolitical landscape,https://www.ecb.europa.eu/press/key/date/2023/html/ecb.sp230717~a9e0adacb8.en.html
27 June 2023,Breaking the persistence of inflation,https://www.ecb.europa.eu/press/key/date/2023/html/ecb.sp230627~b8694e47c8.en.html
23 June 2023,Remarks at the Summit for a new global financing pact,https://www.ecb.europa.eu/press/key/date/2023/html/ecb.sp230623~3e2a3aaa82.en.html
16 June 2023,Remarks at G30 dinner,https://www.ecb.europa.eu/press/key/date/2023/html/ecb.sp230616~855cf9b61d.en.html
5 June 2023,Hearing of the Committee on Economic and Monetary Affairs of the European Parliament,https://www.ecb.europa.eu/press/key/date/2023/html/ecb.sp230605~0aadd43ce7.en.html
1 June 2023,The fight against inflation,https://www.ecb.europa.eu/press/key/date/2023/html/ecb.sp230601~2740cf2320.en.html
24 May 2023,Twenty-five years of the ECB,https://www.ecb.europa.eu/press/key/date/2023/html/ecb.sp230524~4e026cefbc.en.html
16 May 2023,Laudatory speech,https://www.ecb.europa.eu/press/key/date/2023/html/ecb.sp230516~f6f9794177.en.html
17 April 2023,Central banks in a fragmenting world,https://www.ecb.europa.eu/press/key/date/2023/html/ecb.sp230417~9f8d34fbd6.en.html
14 April 2023,IMFC Statement,https://www.ecb.europa.eu/press/key/date/2023/html/ecb.sp230414~48b38bc71c.en.html
22 March 2023,The path ahead,https://www.ecb.europa.eu/press/key/date/2023/html/ecb.sp230322~306119d102.en.html
20 March 2023,Hearing of the Committee on Economic and Monetary Affairs of the European Parliament,https://www.ecb.europa.eu/press/key/date/2023/html/ecb.sp230320~8cfe38e846.en.html
8 March 2023,Empowering women in a changing global economy,https://www.ecb.europa.eu/press/key/date/2023/html/ecb.sp230308_1~daa5630397.en.html
15 February 2023,European Parliament plenary debate on the ECB Annual Report,https://www.ecb.europa.eu/press/key/date/2023/html/ecb.sp230215~a512d68d9f.en.html
23 January 2023,New challenges in a changing world,https://www.ecb.europa.eu/press/key/date/2023/html/ecb.sp230123_1~2d9786eedf.en.html
8 December 2022,Macroprudential policy in Europe: building resilience in a challenging environment,https://www.ecb.europa.eu/press/key/date/2022/html/ecb.sp221208~f83c604a23.en.html
28 November 2022,Hearing of the Committee on Economic and Monetary Affairs of the European Parliament,https://www.ecb.europa.eu/press/key/date/2022/html/ecb.sp221128~5a858fbefd.en.html
18 November 2022,Monetary policy in a new environment,https://www.ecb.europa.eu/press/key/date/2022/html/ecb.sp221118~639420cee0.en.html
7 November 2022,Digital euro: a common European project,https://www.ecb.europa.eu/press/key/date/2022/html/ecb.sp221107~dcc0cd8ed9.en.html
4 November 2022,Monetary policy in a high inflation environment: commitment and clarity,https://www.ecb.europa.eu/press/key/date/2022/html/ecb.sp221104_1~8be9a4f4c1.en.html
14 October 2022,IMFC Statement,https://www.ecb.europa.eu/press/key/date/2022/html/ecb.sp221014~c09c0b8fbc.en.html
26 September 2022,Hearing of the Committee on Economic and Monetary Affairs of the European Parliament,https://www.ecb.europa.eu/press/key/date/2022/html/ecb.sp220926_1~0bd6fcc86c.en.html
20 September 2022,Monetary policy in the euro area,https://www.ecb.europa.eu/press/key/date/2022/html/ecb.sp220920~c3afc1a441.en.html
28 June 2022,Price stability and policy transmission in the euro area,https://www.ecb.europa.eu/press/key/date/2022/html/ecb.sp220628~754ac25107.en.html
20 June 2022,Hearing of the Committee on Economic and Monetary Affairs of the European Parliament,https://www.ecb.europa.eu/press/key/date/2022/html/ecb.sp220620~b91bded4f1.en.html
11 May 2022,Challenges along Europe’s road,https://www.ecb.europa.eu/press/key/date/2022/html/ecb.sp220511~4c8d4500f6.en.html
27 April 2022,Leadership in times of crisis,https://www.ecb.europa.eu/press/key/date/2022/html/ecb.sp220427_1~1bb33143fc.en.html
22 April 2022,A new global map: European resilience in a changing world,https://www.ecb.europa.eu/press/key/date/2022/html/ecb.sp220422~c43af3db20.en.html
21 April 2022,IMFC Statement,https://www.ecb.europa.eu/press/key/date/2022/html/ecb.sp220421~589f9733bc.en.html
30 March 2022,Finding resilience in times of uncertainty,https://www.ecb.europa.eu/press/key/date/2022/html/ecb.sp220330~49ddaafb85.en.html
17 March 2022,Monetary policy in an uncertain world,https://www.ecb.europa.eu/press/key/date/2022/html/ecb.sp220317~9d2f052c92.en.html
15 March 2022,Remarks on the euro area economy,https://www.ecb.europa.eu/press/key/date/2022/html/ecb.sp220315~c861c9d88f.en.html
14 February 2022,European Parliament plenary debate on the ECB Annual Report,https://www.ecb.europa.eu/press/key/date/2022/html/ecb.sp220214_1~ec87ef8c3a.en.html
14 February 2022,20th anniversary of the entry into circulation of euro banknotes and coins,https://www.ecb.europa.eu/press/key/date/2022/html/ecb.sp220214~2c44645ea0.en.html
7 February 2022,Hearing of the Committee on Economic and Monetary Affairs of the European Parliament,https://www.ecb.europa.eu/press/key/date/2022/html/ecb.sp220207~7208d9e3a2.en.html
14 January 2022,Conference of Parliamentary Committees for Union Affairs (COSAC),https://www.ecb.europa.eu/press/key/date/2022/html/ecb.sp220114~fe1e70ec1a.en.html
11 January 2022,Remarks by Christine Lagarde at a virtual ceremony marking the change of office of the President of the Bundesbank,https://www.ecb.europa.eu/press/key/date/2022/html/ecb.sp220111~1778c4939d.en.html
8 December 2021,Macroprudential policy in Europe – the future depends on what we do today,https://www.ecb.europa.eu/press/key/date/2021/html/ecb.sp211208~e18612adce.en.html
29 November 2021,Dialogue in a changing world,https://www.ecb.europa.eu/press/key/date/2021/html/ecb.sp211129_1~12fc1248a8.en.html
26 November 2021,Change and continuity in law,https://www.ecb.europa.eu/press/key/date/2021/html/ecb.sp211126~6fe408acd1.en.html
19 November 2021,Commitment and persistence: monetary policy in the economic recovery,https://www.ecb.europa.eu/press/key/date/2021/html/ecb.sp211119~3749d3556c.en.html
15 November 2021,Hearing of the Committee on Economic and Monetary Affairs of the European Parliament,https://www.ecb.europa.eu/press/key/date/2021/html/ecb.sp211115~6fa9a12c1e.en.html
9 November 2021,Welcome address,https://www.ecb.europa.eu/press/key/date/2021/html/ecb.sp211109_1~6cdc943638.en.html
3 November 2021,Learning from Lisbon: recovery and resilience in Europe,https://www.ecb.europa.eu/press/key/date/2021/html/ecb.sp211103~d0720ef27b.en.html
16 October 2021,Globalisation after the pandemic,https://www.ecb.europa.eu/press/key/date/2021/html/ecb.sp211016~25550329d5.en.html
14 October 2021,IMFC Statement,https://www.ecb.europa.eu/press/key/date/2021/html/ecb.sp211014~0ebead6ce2.en.html
12 October 2021,The contribution of finance to combating climate change,https://www.ecb.europa.eu/press/key/date/2021/html/ecb.sp211012~bfe7738d35.en.html
5 October 2021,Dynamic regions at the heart of a strong Europe,https://www.ecb.europa.eu/press/key/date/2021/html/ecb.sp211005~3419fc667f.en.html
28 September 2021,Monetary policy during an atypical recovery,https://www.ecb.europa.eu/press/key/date/2021/html/ecb.sp210928~4cc57f558d.en.html
27 September 2021,Hearing of the Committee on Economic and Monetary Affairs of the European Parliament,https://www.ecb.europa.eu/press/key/date/2021/html/ecb.sp.210927~c1957025ab.en.html
11 July 2021,"Climate Change and Central Banks: Analysing, Advising and Acting",https://www.ecb.europa.eu/press/key/date/2021/html/ecb.sp210711~ffe35034d0.en.html
29 June 2021,Financing a green and digital recovery,https://www.ecb.europa.eu/press/key/date/2021/html/ecb.sp210629~e6458f8392.en.html
